"DESCRIPTION","DURATION IN MS","NAME","PARENT SUITE","START TIME","STATUS","STOP TIME","SUB SUITE","SUITE","TEST CLASS","TEST METHOD"
"","1987","get started link","","2026-09-13","passed","2026-09-13","","example.spec.js","",""
"","12488","UI controls performance","","2026-09-13","failed","2026-09-13","","basics.spec.js","",""
"","0","Page Object Model Implementation of iPhone QA Max","","2026-09-13","skipped","2026-09-13","","FlowPOM.spec.js","",""
"","0","refund not eligible for group ticket booking","","2026-09-13","skipped","2026-09-13","","CodeAssignment2.spec.js","",""
"","0","Page Object Model Implementation","","2026-09-13","skipped","2026-09-13","","FlowPOM.spec.js","",""
"","0","@web Playwright special locators","","2026-09-13","skipped","2026-09-13","","Locat.spec.js","",""
"","14317","Upload download excel validation","","2026-09-13","failed","2026-09-13","","Excel.spec.js","",""
"","6323","Client App Test","","2026-09-13","passed","2026-09-13","","Client.spec.js","",""
"","0","Page Object Model Implementation of iphone 13 pro","","2026-09-13","skipped","2026-09-13","","FlowPOM.spec.js","",""
"","19180","create event via UI, book it, and verify seat reduction","","2026-09-13","failed","2026-09-13","","CodeAssignment.spec.js","",""
"","0","Flow Test","","2026-09-13","skipped","2026-09-13","","WebAPIPart2.spec.js","",""
"","0","sandbox banner is shown when 6 events are returned","","2026-09-13","skipped","2026-09-13","","MockAPI.spec.js","",""
"","0","Fixtures Demo Test","","2026-09-13","skipped","2026-09-13","","FixturesDemo.spec.js","",""
"","0","Visual testing","","2026-09-13","skipped","2026-09-13","","Screenshots.spec.js","",""
"","0","API test for event creation and booking","","2026-09-13","skipped","2026-09-13","","NetworkTest.spec.js","",""
"","0","API test for event creation and booking","","2026-09-13","skipped","2026-09-13","","WebAPIPart1.spec.js","",""
"","1643","has title","","2026-09-13","passed","2026-09-13","","example.spec.js","",""
"","2815","gmail user sees Access Denied when viewing yahoo user booking","","2026-09-13","failed","2026-09-13","","AccessDenyAPI.spec.js","",""
"","13852","refund eligible for single ticket booking","","2026-09-13","failed","2026-09-13","","CodeAssignment2.spec.js","",""
"","1","POPUP & table test also for validation","","2026-09-13","skipped","2026-09-13","","Screenshots.spec.js","",""
"","0","POPUP & table test also for validation","","2026-09-13","skipped","2026-09-13","","MoreValidation.spec.js","",""
"","1","Screenshots and visual validation","","2026-09-13","skipped","2026-09-13","","Screenshots.spec.js","",""
"","0","sandbox banner is hidden when 4 events are returned","","2026-09-13","skipped","2026-09-13","","MockAPI.spec.js","",""
"","7307","newly created event should appear on the events page","","2026-09-13","failed","2026-09-13","","FixtureAssignment.spec.js","",""
"","12457","Child Window Test","","2026-09-13","passed","2026-09-13","","ChildWindow.spec.js","",""
"","19488","Assignment","","2026-09-13","failed","2026-09-13","","Assigment.spec.js","",""
"","8324","browser First Playwright Test","","2026-09-13","passed","2026-09-13","","basics.spec.js","",""
"","0","@web Using playwright special locators to test","","2026-09-13","skipped","2026-09-13","","Flow.spec.js","",""
"","0","@web Flow Test","","2026-09-13","skipped","2026-09-13","","Flow.spec.js","",""
"","1","API test for event creation and booking","","2026-09-13","skipped","2026-09-13","","NetworkTest2.spec.js","",""
"","1","Using playwright special locators to test","","2026-09-13","skipped","2026-09-13","","WebAPIPart2.spec.js","",""
